ID,Name,Source
id1,Natalia Davidson,Athens
id2,Arianna Allison,London
id3,Ariana Kennedy,Paris
id4,Szymon Lowery,Athens
id5,Rosa Mathews,London
id6,Franklin Mclaughlin,London
id7,Alfred Myers,Madrid
id8,Rachael Knight,London
id9,Jeremiah Gregory,Rome
id10,Luke Montoya,Paris
id11,Mohammad Stephenson,Paris
id12,Jacob Levy,Athens
id13,Michael Robertson,Rome
id14,Serena Burton,Paris
id15,Emil Meyer,Riga
id16,Khalil Mccoy,Delhi
id17,Leonie Hansen,London
id18,Myah Farrell,Tokyo
id19,Audrey Sims,Beijing
id20,Wilbur Osborne,Tokyo
id21,Sandra Riley,London
id22,Coral Randall,Delhi
id23,Rhys Briggs,London
id24,Marion Booker,Athens
id25,Steven Wiley,Madrid
id26,Joyce Carroll,Madrid
id27,Helen Villarreal,Madrid
id28,Robert Olsen,Delhi
id29,Amelia Morton,Tokyo
id30,Elle Francis,London
id31,Siena Howe,New York City
id32,Inayah Foster,Paris
id33,Libby Roberts,New York City
id34,Ayub Contreras,Athens
id35,Kyron Blackburn,London
id36,Laurence Lindsay,Beijing
id37,Scott Ponce,Paris
id38,Charlie Duke,Paris
id39,Heath Harding,New York City
id40,Talia Blake,Rome
id41,Tommy White,Athens
id42,Isla Suarez,Rome
id43,Tallulah Santos,Paris
id44,Kabir Heath,Delhi
id45,Evelyn Beck,Paris
id46,Amy Romero,Paris
id47,Bradley Ruiz,Beijing
id48,Md Rogers,New York City
id49,Libbie Shepard,New York City
id50,Leanne Richard,Beijing
id51,Lorenzo Sharpe,Delhi
id52,Tomas Nichols,Tokyo
id53,Saoirse Bryan,London
id54,Antonio Simpson,Madrid
id55,Layla Patrick,Riga
id56,Seth Hardin,New York City
id57,Saul Hansen,Paris
id58,Hiba Quinn,Beijing
id59,Fred Harvey,Beijing
id60,Euan Chase,Madrid
id61,Brittney Bernard,Paris
id62,Macy Solis,Delhi
id63,Josephine Mccarty,Riga
id64,Elaine Hill,Beijing
id65,Aine Rodgers,Riga
id66,Howard Miles,Rome
id67,Laiba Simon,Paris
id68,Guy Vazquez,Madrid
id69,Dora Hensley,London
id70,Grover Nielsen,Athens
id71,Kayne Spence,Delhi
id72,Shaun Friedman,New York City
id73,Diane Leach,Beijing
id74,Jonas Daniels,Athens
id75,Leena Henry,Delhi
id76,Leyla Malone,Beijing
id77,Kain Saunders,London
id78,Carmen Merrill,Athens
id79,Demi Frazier,London
id80,Maria Holt,Beijing
id81,Ameera Mitchell,Delhi
id82,Miranda Booth,Delhi
id83,Frances Stafford,Athens
id84,Suzanne Rubio,Paris
id85,Fay Kerr,Tokyo
id86,Mary Austin,London
id87,Caspar Herrera,Paris
id88,Abbie Perry,New York City
id89,Ted Nunez,Rome
id90,Malika Gillespie,Athens
id91,Julian Mayo,Athens
id92,Herbie Haas,Rome
id93,Grover Burch,Paris
id94,Hajra Elliott,Paris
id95,Michaela Gregory,Riga
id96,Ayla Stone,Beijing
id97,Chanel Welch,Madrid
id98,Ava-Rose Clayton,London
id99,Frederick Vargas,Riga
id100,Junior Terrell,Athens
